time,exchange,symbol,amount,volume,number_trades,amount_buy,volume_buy,number_trades_buy
2022-11-02T03:02:00.000000,bitstamp,FTTUSD,5.96175612,155.36574918964803,1,5.96175612,155.36574918964803,1
2022-11-02T18:06:00.000000,bitstamp,FTTUSD,487.48449323000006,12699.555442571203,11,487.48449323000006,12699.555442571203,11
2022-11-03T01:30:00.000000,bitstamp,FTTUSD,20.89990724,525.7578575303676,1,20.89990724,525.7578575303676,1
2022-11-03T10:56:00.000000,bitstamp,FTTUSD,4.72730465,116.9776735677615,1,4.72730465,116.9776735677615,1
2022-11-03T16:26:00.000000,bitstamp,FTTUSD,3.63876321,88.99999992654061,1,3.63876321,88.99999992654061,1
2022-11-04T14:40:00.000000,bitstamp,FTTUSD,893.4410361900001,23046.64647591013,18,52.73832534,1356.5165359801238,2
2022-11-04T14:41:00.000000,bitstamp,FTTUSD,300.24505848,7782.632619261893,7,166.30064438,4310.366210219892,5
2022-11-04T16:53:00.000000,bitstamp,FTTUSD,9.52944089,241.4624050521273,1,9.52944089,241.4624050521273,1
2022-11-04T20:56:00.000000,bitstamp,FTTUSD,36.48056964,928.798951091364,1,36.48056964,928.798951091364,1
2022-11-05T01:02:00.000000,bitstamp,FTTUSD,14.61129297,377.1414340761708,1,14.61129297,377.1414340761708,1
2022-11-05T10:39:00.000000,bitstamp,FTTUSD,4.59147802,117.01069513464641,1,4.59147802,117.01069513464641,1
2022-11-05T10:56:00.000000,bitstamp,FTTUSD,4.59093741,117.0531570396837,1,4.59093741,117.0531570396837,1
2022-11-05T13:28:00.000000,bitstamp,FTTUSD,4.61302533,117.0616530724389,1,4.61302533,117.0616530724389,1
2022-11-05T20:29:00.000000,bitstamp,FTTUSD,4.7855172,117.325711654476,1,4.7855172,117.325711654476,1
2022-11-05T20:41:00.000000,bitstamp,FTTUSD,10.71490007,262.7591371385946,1,10.71490007,262.7591371385946,1
2022-11-05T22:12:00.000000,bitstamp,FTTUSD,0.73315308,17.8863397900968,1,0.73315308,17.8863397900968,1
2022-11-06T01:25:00.000000,bitstamp,FTTUSD,0.50651272,12.0887820692968,1,0.50651272,12.0887820692968,1
2022-11-06T01:26:00.000000,bitstamp,FTTUSD,0.76073189,18.1356656819464,1,0.76073189,18.1356656819464,1
2022-11-06T01:54:00.000000,bitstamp,FTTUSD,0.42938243,10.121333938771201,1,0.42938243,10.121333938771201,1
2022-11-06T06:23:00.000000,bitstamp,FTTUSD,5.04593175,116.8258843825575,1,5.04593175,116.8258843825575,1
2022-11-06T06:28:00.000000,bitstamp,FTTUSD,5.04593175,116.7256721780025,1,5.04593175,116.7256721780025,1
2022-11-06T07:27:00.000000,bitstamp,FTTUSD,5.10439159,117.2676288177533,1,5.10439159,117.2676288177533,1
2022-11-06T08:19:00.000000,bitstamp,FTTUSD,4.3457439,99.999999797778,1,4.3457439,99.999999797778,1
2022-11-06T09:30:00.000000,bitstamp,FTTUSD,50.0,1163.557307592896,3,50.0,1163.557307592896,3
2022-11-06T10:18:00.000000,bitstamp,FTTUSD,5.06394849,116.893548415373,2,5.06394849,116.893548415373,2
2022-11-06T11:17:00.000000,bitstamp,FTTUSD,18.66438369,428.20537988222594,2,18.66438369,428.20537988222594,2
2022-11-06T11:35:00.000000,bitstamp,FTTUSD,50.0,1137.241,1,50.0,1137.241,1
2022-11-06T11:50:00.000000,bitstamp,FTTUSD,5.91573201,134.9968861535598,1,5.91573201,134.9968861535598,1
2022-11-06T11:53:00.000000,bitstamp,FTTUSD,30.02411405,685.7837914274551,1,30.02411405,685.7837914274551,1
2022-11-06T13:34:00.000000,bitstamp,FTTUSD,40.22790756,936.393142335278,2,33.34081039,775.7716422977927,1
2022-11-06T14:39:00.000000,bitstamp,FTTUSD,1.26724461,31.112388541478104,1,1.26724461,31.112388541478104,1
2022-11-06T14:40:00.000000,bitstamp,FTTUSD,29.709763499999998,736.9922450434347,8,2.17183488,54.9250091280384,2
2022-11-06T14:47:00.000000,bitstamp,FTTUSD,6.52310159,159.3103181197432,1,6.52310159,159.3103181197432,1
2022-11-06T14:59:00.000000,bitstamp,FTTUSD,110.93984606000001,2706.93113446554,2,110.93984606000001,2706.93113446554,2
2022-11-06T15:00:00.000000,bitstamp,FTTUSD,6.5371476,159.026509434684,1,6.5371476,159.026509434684,1
2022-11-06T15:10:00.000000,bitstamp,FTTUSD,4.04999999,99.12087425525709,1,4.04999999,99.12087425525709,1
2022-11-06T15:26:00.000000,bitstamp,FTTUSD,6.54788999,158.1940101290046,1,6.54788999,158.1940101290046,1
2022-11-06T15:32:00.000000,bitstamp,FTTUSD,20.45805655,490.6064953506394,1,20.45805655,490.6064953506394,1
2022-11-06T15:48:00.000000,bitstamp,FTTUSD,52.51494096,1229.2866094291317,2,52.51494096,1229.2866094291317,2
2022-11-06T15:50:00.000000,bitstamp,FTTUSD,4.55776761,101.56618230090271,2,4.55776761,101.56618230090271,2
2022-11-06T15:51:00.000000,bitstamp,FTTUSD,2.97905636,66.52739291461201,1,2.97905636,66.52739291461201,1
2022-11-06T16:03:00.000000,bitstamp,FTTUSD,0.58225269,12.9508020375402,1,0.58225269,12.9508020375402,1
2022-11-06T16:10:00.000000,bitstamp,FTTUSD,4.25,98.09480250000001,1,4.25,98.09480250000001,1
2022-11-06T16:25:00.000000,bitstamp,FTTUSD,39.27950006,896.5208084994483,2,19.63975003,448.2333013946827,1
2022-11-06T17:53:00.000000,bitstamp,FTTUSD,9.52111763,220.6175298406057,1,9.52111763,220.6175298406057,1
2022-11-06T18:25:00.000000,bitstamp,FTTUSD,2.18,49.786949,1,2.18,49.786949,1
2022-11-06T18:33:00.000000,bitstamp,FTTUSD,142.35405649,3251.0890598214437,3,142.35405649,3251.0890598214437,3
2022-11-06T19:30:00.000000,bitstamp,FTTUSD,10.20900218,229.52123717128322,1,10.20900218,229.52123717128322,1
2022-11-06T20:06:00.000000,bitstamp,FTTUSD,999.9999999999999,22727.79912350565,6,999.9999999999999,22727.79912350565,6
2022-11-06T21:00:00.000000,bitstamp,FTTUSD,550.0,12587.137312599512,5,365.44434806000004,8362.695819756324,3
2022-11-06T21:01:00.000000,bitstamp,FTTUSD,50.0,1143.6974131784016,2,9.97646714,228.19672112679,1
2022-11-06T21:46:00.000000,bitstamp,FTTUSD,50.0,1137.5,2,50.0,1137.5,2
2022-11-06T22:03:00.000000,bitstamp,FTTUSD,96.40227881,2194.972881974221,1,96.40227881,2194.972881974221,1
2022-11-06T22:41:00.000000,bitstamp,FTTUSD,1.31868131,29.848285517784504,1,1.31868131,29.848285517784504,1
2022-11-07T04:08:00.000000,bitstamp,FTTUSD,9.03533645,200.25865495761303,1,9.03533645,200.25865495761303,1
2022-11-07T06:21:00.000000,bitstamp,FTTUSD,8.01585861,177.12274041020942,1,8.01585861,177.12274041020942,1
2022-11-07T06:43:00.000000,bitstamp,FTTUSD,8.04385748,177.4713862655156,1,8.04385748,177.4713862655156,1
2022-11-07T06:45:00.000000,bitstamp,FTTUSD,8.04385748,177.3756643615036,1,8.04385748,177.3756643615036,1
2022-11-07T06:58:00.000000,bitstamp,FTTUSD,8.11007872,178.13625706905603,1,8.11007872,178.13625706905603,1
2022-11-07T07:10:00.000000,bitstamp,FTTUSD,32.44168305,716.9364879631723,5,32.44168305,716.9364879631723,5
2022-11-07T08:04:00.000000,bitstamp,FTTUSD,30.870403380000003,712.5604752519286,4,25.0,575.0,1
2022-11-07T12:24:00.000000,bitstamp,FTTUSD,27.45301243,608.5328075476062,1,27.45301243,608.5328075476062,1
2022-11-07T15:58:00.000000,bitstamp,FTTUSD,14.706579,340.2188458653081,2,7.42014993,171.0097467872331,1
2022-11-07T18:39:00.000000,bitstamp,FTTUSD,10.5,234.675981,2,1.6,35.75128,1
2022-11-07T18:40:00.000000,bitstamp,FTTUSD,7.58190205,169.519805346884,1,7.58190205,169.519805346884,1
2022-11-07T19:38:00.000000,bitstamp,FTTUSD,94.22045082999999,2117.154869853553,3,86.71281692,1947.8334749866367,1
2022-11-07T20:15:00.000000,bitstamp,FTTUSD,5.25646706,116.94735096165681,1,5.25646706,116.94735096165681,1
2022-11-07T20:23:00.000000,bitstamp,FTTUSD,5.26818545,116.93654270543298,1,5.26818545,116.93654270543298,1
2022-11-07T20:25:00.000000,bitstamp,FTTUSD,5.26818545,116.9806374176495,1,5.26818545,116.9806374176495,1
2022-11-07T20:26:00.000000,bitstamp,FTTUSD,5.26818545,116.9644114064635,1,5.26818545,116.9644114064635,1
2022-11-07T20:35:00.000000,bitstamp,FTTUSD,5.269016,116.87304500904,1,5.269016,116.87304500904,1
2022-11-07T20:39:00.000000,bitstamp,FTTUSD,5.27566985,117.0627351655245,1,5.27566985,117.0627351655245,1
2022-11-07T20:43:00.000000,bitstamp,FTTUSD,43.99724645,976.5752771445154,2,43.99724645,976.5752771445154,2
2022-11-07T21:13:00.000000,bitstamp,FTTUSD,5.3285407,115.910200570297,1,5.3285407,115.910200570297,1
2022-11-07T21:14:00.000000,bitstamp,FTTUSD,118.92013920000001,2610.0351599792725,8,118.92013920000001,2610.0351599792725,8
2022-11-07T22:02:00.000000,bitstamp,FTTUSD,3.92792751,87.1335301885308,1,3.92792751,87.1335301885308,1
2022-11-07T22:03:00.000000,bitstamp,FTTUSD,40.0,888.0916000000001,1,40.0,888.0916000000001,1
2022-11-08T02:49:00.000000,bitstamp,FTTUSD,160.48269021,3182.614579745403,8,58.612617650000004,1171.7665221124416,2
2022-11-08T02:53:00.000000,bitstamp,FTTUSD,679.71331299,12804.378833062015,18,679.71331299,12804.378833062015,18
2022-11-08T02:55:00.000000,bitstamp,FTTUSD,205.56346171,4069.51688765417,11,205.56346171,4069.51688765417,11
2022-11-08T02:57:00.000000,bitstamp,FTTUSD,10.121999989999999,197.73814439134617,7,5.9,115.48366899999999,3
2022-11-08T03:01:00.000000,bitstamp,FTTUSD,6.116048,118.36675148656,1,6.116048,118.36675148656,1
2022-11-08T03:05:00.000000,bitstamp,FTTUSD,5.300000000000001,100.946354,4,5.300000000000001,100.946354,4
2022-11-08T03:06:00.000000,bitstamp,FTTUSD,2.0,38.0226,2,2.0,38.0226,2
2022-11-08T03:21:00.000000,bitstamp,FTTUSD,10.70335051,194.66061450340112,3,5.4345913800000005,101.04867428740431,2
2022-11-08T03:22:00.000000,bitstamp,FTTUSD,0.63449037,11.7974728334394,1,0.63449037,11.7974728334394,1
2022-11-08T03:23:00.000000,bitstamp,FTTUSD,13.81097035,256.795934519167,1,13.81097035,256.795934519167,1
2022-11-08T04:28:00.000000,bitstamp,FTTUSD,5.5254672,100.071128657808,1,5.5254672,100.071128657808,1
2022-11-08T04:35:00.000000,bitstamp,FTTUSD,4.13459877,72.80772088846261,1,4.13459877,72.80772088846261,1
2022-11-08T04:38:00.000000,bitstamp,FTTUSD,6.398464000000001,111.07839064640841,3,6.398464000000001,111.07839064640841,3
2022-11-08T04:40:00.000000,bitstamp,FTTUSD,2.05332984,35.083809645192005,1,2.05332984,35.083809645192005,1
2022-11-08T04:42:00.000000,bitstamp,FTTUSD,1.67449048,28.6466975296008,1,1.67449048,28.6466975296008,1
2022-11-08T04:43:00.000000,bitstamp,FTTUSD,2.47915056,42.430969096116,2,2.47915056,42.430969096116,2
2022-11-08T04:44:00.000000,bitstamp,FTTUSD,0.90814371,15.596678030030402,1,0.90814371,15.596678030030402,1
2022-11-08T04:45:00.000000,bitstamp,FTTUSD,0.7405912,12.736968882256,1,0.7405912,12.736968882256,1
2022-11-08T04:48:00.000000,bitstamp,FTTUSD,146.32512859,2487.4849214606425,3,0.60395212,10.2249214706424,1
2022-11-08T04:52:00.000000,bitstamp,FTTUSD,13.15952382,222.47148822472684,1,13.15952382,222.47148822472684,1
2022-11-08T05:00:00.000000,bitstamp,FTTUSD,1.7692375,29.434821979875,1,1.7692375,29.434821979875,1
2022-11-08T05:16:00.000000,bitstamp,FTTUSD,53.86186089,878.4743389684403,6,13.991900990000001,228.1968515451179,2
2022-11-08T05:20:00.000000,bitstamp,FTTUSD,158.70327121,2513.412413321771,11,153.62861362,2433.248098119117,9
2022-11-08T05:27:00.000000,bitstamp,FTTUSD,0.78351621,12.130076721573902,1,0.78351621,12.130076721573902,1
2022-11-08T05:47:00.000000,bitstamp,FTTUSD,44.32175451,691.3441311194231,2,29.66754167,463.14740989578746,1
2022-11-08T05:53:00.000000,bitstamp,FTTUSD,23.36378341,367.0468928019419,4,21.01444792,329.9555840858219,3
2022-11-08T06:07:00.000000,bitstamp,FTTUSD,45.46754832,721.3358596535104,2,31.18,493.1391384,1
2022-11-08T06:12:00.000000,bitstamp,FTTUSD,6.35916298,99.9999999759132,1,6.35916298,99.9999999759132,1
2022-11-08T06:19:00.000000,bitstamp,FTTUSD,21.45874335,340.6131599522393,2,21.45874335,340.6131599522393,2
2022-11-08T06:31:00.000000,bitstamp,FTTUSD,110.21496676,1874.9135764593666,8,2.71801558,45.751758294712396,1
2022-11-08T06:43:00.000000,bitstamp,FTTUSD,19.32280512,330.41996755200006,1,19.32280512,330.41996755200006,1
2022-11-08T06:46:00.000000,bitstamp,FTTUSD,1.308,22.628020680000002,1,1.308,22.628020680000002,1
2022-11-08T06:47:00.000000,bitstamp,FTTUSD,19.32280513,334.2789251355123,1,19.32280513,334.2789251355123,1
2022-11-08T06:49:00.000000,bitstamp,FTTUSD,13.09593809,222.9588698197736,1,13.09593809,222.9588698197736,1
2022-11-08T06:56:00.000000,bitstamp,FTTUSD,13.09593809,224.65636531499942,1,13.09593809,224.65636531499942,1
2022-11-08T07:04:00.000000,bitstamp,FTTUSD,52.82248475,887.9951515822726,2,13.38240214,226.19056538647263,1
2022-11-08T07:20:00.000000,bitstamp,FTTUSD,84.68694017,1440.682042970802,2,2.34197796,39.9999999260568,1
2022-11-08T07:21:00.000000,bitstamp,FTTUSD,171.24492002,2919.5363420514673,4,13.39143342,228.35607925120797,1
2022-11-08T07:25:00.000000,bitstamp,FTTUSD,19.7200413,340.762313664,1,19.7200413,340.762313664,1
2022-11-08T07:34:00.000000,bitstamp,FTTUSD,138.10990815000002,2385.8296872616884,5,138.10990815000002,2385.8296872616884,5
2022-11-08T07:35:00.000000,bitstamp,FTTUSD,142.27893608999997,2477.0958828061184,6,129.31061963,2248.8991615840573,5
2022-11-08T07:36:00.000000,bitstamp,FTTUSD,27.73397088,491.2320046169106,2,27.73397088,491.2320046169106,2
2022-11-08T07:39:00.000000,bitstamp,FTTUSD,69.99872683000001,1279.2082841994197,4,69.99872683000001,1279.2082841994197,4
2022-11-08T07:44:00.000000,bitstamp,FTTUSD,145.49160004,2665.3377316807814,2,145.49160004,2665.3377316807814,2
2022-11-08T07:45:00.000000,bitstamp,FTTUSD,26.18473054,483.91879121894567,2,13.77059116,255.72208113578563,1
2022-11-08T07:55:00.000000,bitstamp,FTTUSD,12.24724118,222.66194805228437,1,12.24724118,222.66194805228437,1
2022-11-08T07:59:00.000000,bitstamp,FTTUSD,1.77721004,32.2707043110228,1,1.77721004,32.2707043110228,1
2022-11-08T08:00:00.000000,bitstamp,FTTUSD,12.42732314,224.02014639735881,1,12.42732314,224.02014639735881,1
2022-11-08T08:01:00.000000,bitstamp,FTTUSD,40.5696443,734.106902215614,1,40.5696443,734.106902215614,1
2022-11-08T08:02:00.000000,bitstamp,FTTUSD,41.14646231,748.3644501310641,1,41.14646231,748.3644501310641,1
2022-11-08T08:08:00.000000,bitstamp,FTTUSD,33.77046179,617.9999999275709,2,33.77046179,617.9999999275709,2
2022-11-08T09:01:00.000000,bitstamp,FTTUSD,10.04378723,182.5199199341966,1,10.04378723,182.5199199341966,1
2022-11-08T09:29:00.000000,bitstamp,FTTUSD,545.63251494,9855.233491962215,4,381.43151309,6881.174044144441,2
2022-11-08T09:38:00.000000,bitstamp,FTTUSD,13.474484780000001,244.7692459575194,2,4.23664478,77.0189398839194,1
2022-11-08T10:10:00.000000,bitstamp,FTTUSD,224.17021778000003,4070.064297864698,3,95.53382502000001,1733.6826598105006,2
2022-11-08T10:12:00.000000,bitstamp,FTTUSD,38.38299807,697.1162330771276,1,38.38299807,697.1162330771276,1
2022-11-08T10:23:00.000000,bitstamp,FTTUSD,49.95181579,884.34694674616,1,49.95181579,884.34694674616,1
2022-11-08T10:24:00.000000,bitstamp,FTTUSD,265.2992878,4702.19110689598,2,265.2992878,4702.19110689598,2
2022-11-08T10:25:00.000000,bitstamp,FTTUSD,969.5176162299999,17113.702611340694,11,855.6281357899999,15107.426815182307,9
2022-11-08T10:26:00.000000,bitstamp,FTTUSD,119.78053777,2134.281962731058,3,119.78053777,2134.281962731058,3
2022-11-08T10:27:00.000000,bitstamp,FTTUSD,103.52805391999999,1848.6481696914448,3,103.52805391999999,1848.6481696914448,3
2022-11-08T10:30:00.000000,bitstamp,FTTUSD,31.95947592,575.031479541678,2,31.95947592,575.031479541678,2
2022-11-08T10:40:00.000000,bitstamp,FTTUSD,140.60852494,2519.9565939957993,2,41.86237667,749.0095972312073,1
2022-11-08T10:54:00.000000,bitstamp,FTTUSD,133.56967437,2358.316896899041,4,133.56967437,2358.316896899041,4
2022-11-08T10:55:00.000000,bitstamp,FTTUSD,82.44016257999999,1455.530534447448,2,82.44016257999999,1455.530534447448,2
2022-11-08T10:57:00.000000,bitstamp,FTTUSD,86.49012680999999,1511.7073026333678,2,86.49012680999999,1511.7073026333678,2
2022-11-08T10:58:00.000000,bitstamp,FTTUSD,67.59449945,1181.442347296891,1,67.59449945,1181.442347296891,1
2022-11-08T10:59:00.000000,bitstamp,FTTUSD,155.21126266000002,2709.0153945436605,6,155.21126266000002,2709.0153945436605,6
2022-11-08T11:04:00.000000,bitstamp,FTTUSD,24.99752511,431.0435743580295,1,24.99752511,431.0435743580295,1
2022-11-08T11:06:00.000000,bitstamp,FTTUSD,121.89810846,2125.5275653683434,3,121.89810846,2125.5275653683434,3
2022-11-08T11:24:00.000000,bitstamp,FTTUSD,124.79540863999999,2146.2750873793884,3,2.90967887,50.043712369073496,1
2022-11-08T11:26:00.000000,bitstamp,FTTUSD,53.5204717,921.5524108560729,1,53.5204717,921.5524108560729,1
2022-11-08T11:27:00.000000,bitstamp,FTTUSD,137.97875091,2365.427677925512,4,137.97875091,2365.427677925512,4
2022-11-08T11:28:00.000000,bitstamp,FTTUSD,67.80066167,1150.64299518172,1,67.80066167,1150.64299518172,1
2022-11-08T11:29:00.000000,bitstamp,FTTUSD,49.41599975,842.9167146038483,2,49.41599975,842.9167146038483,2
2022-11-08T11:30:00.000000,bitstamp,FTTUSD,23.54310094,399.913545809729,2,23.54310094,399.913545809729,2
2022-11-08T11:32:00.000000,bitstamp,FTTUSD,4.90563667,83.9337209684634,2,4.90563667,83.9337209684634,2
2022-11-08T11:35:00.000000,bitstamp,FTTUSD,110.11750288,1882.116246299643,2,110.11750288,1882.116246299643,2
2022-11-08T11:36:00.000000,bitstamp,FTTUSD,302.30653294,5192.850472147204,3,302.30653294,5192.850472147204,3
2022-11-08T11:37:00.000000,bitstamp,FTTUSD,32.23035142,554.5315760724692,1,32.23035142,554.5315760724692,1
2022-11-08T11:38:00.000000,bitstamp,FTTUSD,13.47963384,231.22802133529922,1,13.47963384,231.22802133529922,1
2022-11-08T11:39:00.000000,bitstamp,FTTUSD,10.68064873,184.1452783669046,1,10.68064873,184.1452783669046,1
2022-11-08T11:40:00.000000,bitstamp,FTTUSD,3.5394047,61.05791653923001,1,3.5394047,61.05791653923001,1
2022-11-08T11:49:00.000000,bitstamp,FTTUSD,85.04111392,1443.00427448762,2,66.53486796,1128.39809316762,1
2022-11-08T11:50:00.000000,bitstamp,FTTUSD,86.41389608,1462.9812116616743,1,86.41389608,1462.9812116616743,1
2022-11-08T11:53:00.000000,bitstamp,FTTUSD,73.92708809000001,1237.2481818995252,2,73.92708809000001,1237.2481818995252,2
2022-11-08T11:54:00.000000,bitstamp,FTTUSD,212.9079209,3576.05516776636,7,212.9079209,3576.05516776636,7
2022-11-08T11:55:00.000000,bitstamp,FTTUSD,59.76314247,1009.3982810554506,2,59.76314247,1009.3982810554506,2
2022-11-08T11:57:00.000000,bitstamp,FTTUSD,52.696163059999996,890.9110947654726,2,44.17050388,747.7430251628128,1
2022-11-08T11:59:00.000000,bitstamp,FTTUSD,17.20166519,291.1809804525366,4,17.20166519,291.1809804525366,4
2022-11-08T12:00:00.000000,bitstamp,FTTUSD,72.63110081,1220.8431100336948,3,4.68210661,79.4494965384375,1
2022-11-08T12:01:00.000000,bitstamp,FTTUSD,66.75259163,1140.7680778739832,3,66.75259163,1140.7680778739832,3
2022-11-08T12:10:00.000000,bitstamp,FTTUSD,86.64494794999999,1489.399583312228,4,51.61995981,886.2776935385815,3
2022-11-08T12:21:00.000000,bitstamp,FTTUSD,207.38774026,3558.947017912882,3,95.74106473,1642.968370941754,2
2022-11-08T12:32:00.000000,bitstamp,FTTUSD,236.84530812,4069.473819848789,5,99.98751686,1717.74254502255,2
2022-11-08T12:59:00.000000,bitstamp,FTTUSD,792.98221628,13916.095859529229,8,792.98221628,13916.095859529229,8
2022-11-08T13:14:00.000000,bitstamp,FTTUSD,4.54787149,78.84972248960281,1,4.54787149,78.84972248960281,1
2022-11-08T13:27:00.000000,bitstamp,FTTUSD,100.0,1724.1705931829629,2,31.36077909,540.5249801615131,1
2022-11-08T13:36:00.000000,bitstamp,FTTUSD,3.25642927,56.1458555158758,1,3.25642927,56.1458555158758,1
2022-11-08T13:43:00.000000,bitstamp,FTTUSD,68.88817997,1183.8856227319734,2,68.88817997,1183.8856227319734,2
2022-11-08T13:47:00.000000,bitstamp,FTTUSD,37.87772801,647.8133435950781,2,30.71766371,525.3368637114281,1
2022-11-08T13:48:00.000000,bitstamp,FTTUSD,35.49448209,607.7774393996109,2,25.5023467,436.656025643273,1
2022-11-08T13:49:00.000000,bitstamp,FTTUSD,28.94575014,495.0330312693615,2,20.67431091,353.5716516966018,1
2022-11-08T13:51:00.000000,bitstamp,FTTUSD,4.59974076,78.53514578290321,1,4.59974076,78.53514578290321,1
2022-11-08T13:54:00.000000,bitstamp,FTTUSD,379.59974076,6186.654843926324,9,4.59974076,76.40840964510961,1
2022-11-08T13:59:00.000000,bitstamp,FTTUSD,47.33172958,776.8701447138243,2,47.33172958,776.8701447138243,2
2022-11-08T14:01:00.000000,bitstamp,FTTUSD,381.01924772999996,6324.919211355615,5,381.01924772999996,6324.919211355615,5
2022-11-08T14:02:00.000000,bitstamp,FTTUSD,64.45887922,1071.5825658704464,4,49.28376229,820.027099529458,1
2022-11-08T14:03:00.000000,bitstamp,FTTUSD,10.37963345,173.348389914429,1,10.37963345,173.348389914429,1
2022-11-08T14:04:00.000000,bitstamp,FTTUSD,9.575400250000001,159.2888594242685,2,4.81533601,80.6447916741149,1
2022-11-08T14:10:00.000000,bitstamp,FTTUSD,4.7818118,79.25207513907,1,4.7818118,79.25207513907,1
2022-11-08T14:18:00.000000,bitstamp,FTTUSD,258.34644406999996,4136.916479063002,6,258.34644406999996,4136.916479063002,6
2022-11-08T14:26:00.000000,bitstamp,FTTUSD,117.0963482,1879.868286893246,3,117.0963482,1879.868286893246,3
2022-11-08T14:33:00.000000,bitstamp,FTTUSD,110.87914401,1760.2895705167575,1,110.87914401,1760.2895705167575,1
2022-11-08T14:42:00.000000,bitstamp,FTTUSD,11.10450349,169.5361483783224,4,11.10450349,169.5361483783224,4
2022-11-08T14:50:00.000000,bitstamp,FTTUSD,4.13391663,61.649925486516,1,4.13391663,61.649925486516,1
2022-11-08T15:06:00.000000,bitstamp,FTTUSD,3.47456692,53.7961400079416,2,3.47456692,53.7961400079416,2
2022-11-08T15:13:00.000000,bitstamp,FTTUSD,6.0,92.8126101395373,3,6.0,92.8126101395373,3
2022-11-08T15:26:00.000000,bitstamp,FTTUSD,204.90618206000002,3007.589484867789,10,149.75395537,2199.6598488743334,6
2022-11-08T15:27:00.000000,bitstamp,FTTUSD,92.02191193,1350.99833999612,4,92.02191193,1350.99833999612,4
2022-11-08T15:30:00.000000,bitstamp,FTTUSD,64.63943268,948.8192628017883,2,47.29038157,697.3515330922712,1
2022-11-08T15:47:00.000000,bitstamp,FTTUSD,41.30217819,605.3527017166795,2,38.48070351,563.969342572209,1
2022-11-08T15:48:00.000000,bitstamp,FTTUSD,57.606129249999995,852.5603226510967,3,55.12857878,815.9356355222653,2
2022-11-08T15:49:00.000000,bitstamp,FTTUSD,97.61429741,1466.1546189852133,2,97.61429741,1466.1546189852133,2
2022-11-08T15:57:00.000000,bitstamp,FTTUSD,108.57219461999999,1603.1377940165924,6,41.99117822,619.9868919067876,3
2022-11-08T16:07:00.000000,bitstamp,FTTUSD,275.0,5451.03857803283,8,275.0,5451.03857803283,8
2022-11-08T16:10:00.000000,bitstamp,FTTUSD,178.26440999,3427.0779969558007,6,53.82218506,1063.0305462752285,4
2022-11-08T16:12:00.000000,bitstamp,FTTUSD,61.47209238,1245.207736564601,10,48.86578671,987.7853046086202,8
2022-11-08T16:14:00.000000,bitstamp,FTTUSD,52.70927582,1032.0616692109813,4,2.546608,51.05118845792,1
2022-11-08T16:21:00.000000,bitstamp,FTTUSD,15.74,309.7987279456942,4,15.0,296.3376543456942,3
2022-11-08T16:22:00.000000,bitstamp,FTTUSD,20.64444346,379.99999987943943,1,20.64444346,379.99999987943943,1
2022-11-08T16:23:00.000000,bitstamp,FTTUSD,101.26945048,1917.5531939171897,3,20.879399460000002,401.39441997845915,2
2022-11-08T16:25:00.000000,bitstamp,FTTUSD,4662.01268777,89289.35132888114,13,1128.9392125900001,21811.49450917384,6
2022-11-08T16:28:00.000000,bitstamp,FTTUSD,56.63089117,1049.7832525767292,1,56.63089117,1049.7832525767292,1
2022-11-08T16:31:00.000000,bitstamp,FTTUSD,54.00115208,980.8294053672895,1,54.00115208,980.8294053672895,1
2022-11-08T16:43:00.000000,bitstamp,FTTUSD,47.448950100000005,888.5795698604455,2,47.448950100000005,888.5795698604455,2
2022-11-08T16:45:00.000000,bitstamp,FTTUSD,26.87915059,498.5044899232226,1,26.87915059,498.5044899232226,1
2022-11-08T16:47:00.000000,bitstamp,FTTUSD,867.1679863299998,15729.666838919497,13,716.4175591899999,13006.56217995506,8
2022-11-08T16:48:00.000000,bitstamp,FTTUSD,152.50846562,2727.1363411625985,11,6.90163109,123.9703574051923,2
2022-11-08T16:51:00.000000,bitstamp,FTTUSD,12.11941287,216.980284277858,2,10.13690809,182.08258966133062,1
2022-11-08T16:57:00.000000,bitstamp,FTTUSD,30.11895659,530.6602687301857,2,6.31740695,111.73085962502049,1
2022-11-08T16:58:00.000000,bitstamp,FTTUSD,5.94315276,105.18447310216679,1,5.94315276,105.18447310216679,1
2022-11-08T16:59:00.000000,bitstamp,FTTUSD,74.83174231,1333.2467856881435,7,60.69642053,1082.001369148772,5
2022-11-08T17:00:00.000000,bitstamp,FTTUSD,18.923579330000003,340.3382056428295,8,9.12357933,164.75235564282949,4
2022-11-08T17:01:00.000000,bitstamp,FTTUSD,19.09477818,346.9645966851445,3,19.09477818,346.9645966851445,3
2022-11-08T17:07:00.000000,bitstamp,FTTUSD,415.88274522000006,7270.581639654126,18,16.936642080000002,296.40500047958216,7
2022-11-08T17:08:00.000000,bitstamp,FTTUSD,7.0,122.362646794824,2,7.0,122.362646794824,2
2022-11-08T17:10:00.000000,bitstamp,FTTUSD,81.17052623000001,1417.2377793103024,4,6.90745,120.73145037799999,1
2022-11-08T17:11:00.000000,bitstamp,FTTUSD,29.52808122,516.0996663331016,7,29.52808122,516.0996663331016,7
2022-11-08T17:12:00.000000,bitstamp,FTTUSD,156.98114659,2748.418224804519,18,139.58114659,2441.2243388045194,14
2022-11-08T17:13:00.000000,bitstamp,FTTUSD,2.30333599,40.18611875065079,1,2.30333599,40.18611875065079,1
2022-11-08T17:18:00.000000,bitstamp,FTTUSD,39.85056669,676.7163374188601,3,29.58586456,503.2016073192976,2
2022-11-08T17:24:00.000000,bitstamp,FTTUSD,16.29732118,264.9426181481396,5,14.197321180000001,231.0204361481396,4
2022-11-08T17:26:00.000000,bitstamp,FTTUSD,16.5,274.060662,3,13.7,228.25140199999998,2
2022-11-08T17:27:00.000000,bitstamp,FTTUSD,78.44368164,1299.9160856000262,3,62.920879889999995,1047.405582936654,2
2022-11-08T17:28:00.000000,bitstamp,FTTUSD,4.5,75.05452500000001,3,4.5,75.05452500000001,3
2022-11-08T17:33:00.000000,bitstamp,FTTUSD,25.868443049999996,417.271015681886,7,9.3,151.398678,4
2022-11-08T17:37:00.000000,bitstamp,FTTUSD,11.756324939999999,190.64919721199368,2,6.85404625,112.1049860863875,1
2022-11-08T17:40:00.000000,bitstamp,FTTUSD,76.4620596,1205.7378640383602,1,76.4620596,1205.7378640383602,1
2022-11-08T17:45:00.000000,bitstamp,FTTUSD,41.528876,626.4672473475999,1,41.528876,626.4672473475999,1
2022-11-08T17:49:00.000000,bitstamp,FTTUSD,10.58770048,157.6137072243304,3,2.81233448,42.3044851687104,1
2022-11-08T17:58:00.000000,bitstamp,FTTUSD,30.558285,373.6431113246501,5,2.9,35.698304,1
2022-11-08T17:59:00.000000,bitstamp,FTTUSD,2.9754259999999997,35.829895667900004,3,1.3,15.640365000000001,1
2022-11-08T18:00:00.000000,bitstamp,FTTUSD,484.7048681700001,5817.658044916913,18,484.7048681700001,5817.658044916913,18
2022-11-08T18:01:00.000000,bitstamp,FTTUSD,11.152618729999999,138.3211618960189,4,9.422303809999999,116.5192112071681,3
2022-11-08T18:02:00.000000,bitstamp,FTTUSD,104.29136718000001,1238.636737227886,13,97.35406,1158.3584576816438,7
2022-11-08T18:03:00.000000,bitstamp,FTTUSD,359.36147919,3788.9766830855647,9,14.1176536,154.784259951968,1
2022-11-08T18:05:00.000000,bitstamp,FTTUSD,32.02619107,328.34214141072835,4,17.16770093,179.75714142582692,2
2022-11-08T18:06:00.000000,bitstamp,FTTUSD,2.42310627,25.371473434912797,1,2.42310627,25.371473434912797,1
2022-11-08T18:11:00.000000,bitstamp,FTTUSD,43.44924657,417.1467711587783,5,18.60119243,181.1467126782157,3
2022-11-08T18:12:00.000000,bitstamp,FTTUSD,2.12230425,21.4493438021775,1,2.12230425,21.4493438021775,1
2022-11-08T18:16:00.000000,bitstamp,FTTUSD,10.0,101.94877657435849,2,10.0,101.94877657435849,2
2022-11-08T18:17:00.000000,bitstamp,FTTUSD,27.44452072,257.73948742599697,3,0.9858737,10.100000011864,1
2022-11-08T18:18:00.000000,bitstamp,FTTUSD,54.09192194,554.1538899410598,2,54.09192194,554.1538899410598,2
2022-11-08T18:32:00.000000,bitstamp,FTTUSD,1549.0946564100002,14712.569242205072,21,1342.54902081,12750.903026296946,18
2022-11-08T18:33:00.000000,bitstamp,FTTUSD,13.94831239,123.96910320904482,2,10.13577562,90.07511756859701,1
2022-11-08T18:34:00.000000,bitstamp,FTTUSD,98.75095328,996.0159399155393,2,98.75095328,996.0159399155393,2
2022-11-08T18:36:00.000000,bitstamp,FTTUSD,24.873227769999996,226.01590674216263,6,3.95432145,39.880359946827,1
2022-11-08T18:40:00.000000,bitstamp,FTTUSD,10.209753500000001,92.02829030598961,2,8.41382987,75.87516052297171,1
2022-11-08T18:42:00.000000,bitstamp,FTTUSD,13.20077876,112.3625500403956,2,5.81580364,50.0500500713668,1
2022-11-08T18:43:00.000000,bitstamp,FTTUSD,127.76270276999996,1085.9438958591898,18,88.95051868,758.6592701476351,14
2022-11-08T18:45:00.000000,bitstamp,FTTUSD,47.58042003,410.4742054386097,5,35.49583029,307.8483271528919,3
2022-11-08T18:47:00.000000,bitstamp,FTTUSD,86.24197326,753.9100818442679,2,86.24197326,753.9100818442679,2
2022-11-08T18:49:00.000000,bitstamp,FTTUSD,822.48596175,6882.028332439217,11,754.07274236,6307.822544234832,6
2022-11-08T18:50:00.000000,bitstamp,FTTUSD,5.0,42.97715,1,5.0,42.97715,1
2022-11-08T18:53:00.000000,bitstamp,FTTUSD,86.74986293,656.1247086463488,4,9.48261503,72.9030081336921,1
2022-11-08T18:54:00.000000,bitstamp,FTTUSD,75.81445095000001,564.9156145233331,5,2.45126888,18.3354912224,1
2022-11-08T18:57:00.000000,bitstamp,FTTUSD,11.303533269999999,76.85313838282799,4,11.303533269999999,76.85313838282799,4
2022-11-08T18:59:00.000000,bitstamp,FTTUSD,192.66548078,1352.1402515678997,6,181.09248406,1273.4961838170739,5
2022-11-08T19:00:00.000000,bitstamp,FTTUSD,189.99870946,1400.6928788448627,7,189.99870946,1400.6928788448627,7
2022-11-08T19:02:00.000000,bitstamp,FTTUSD,10.48499936,77.09266535602029,3,10.48499936,77.09266535602029,3
2022-11-08T19:03:00.000000,bitstamp,FTTUSD,121.92578295,893.1656082228806,10,0.51633845,3.469794384,1
2022-11-08T19:04:00.000000,bitstamp,FTTUSD,36.13300036,283.61002553896594,4,36.13300036,283.61002553896594,4
2022-11-08T19:06:00.000000,bitstamp,FTTUSD,142.25777467999998,1003.9728727902962,3,135.13118347,953.9228227224662,2
2022-11-08T19:07:00.000000,bitstamp,FTTUSD,58.1399803,403.25179916274584,4,6.7120982,47.468696801202,1
2022-11-08T19:09:00.000000,bitstamp,FTTUSD,98.62388598000001,668.1066829055007,8,28.7920909,195.355488440136,1
2022-11-08T19:15:00.000000,bitstamp,FTTUSD,141.67136468,859.9051298193785,4,15.682349290000001,95.4747258286192,2
2022-11-08T19:16:00.000000,bitstamp,FTTUSD,19.16529667,119.09730458196302,4,17.51593713,108.81752280655441,3
2022-11-08T19:17:00.000000,bitstamp,FTTUSD,23.82913358,140.0427152775431,4,8.54081129,50.4137613933701,1
2022-11-08T19:19:00.000000,bitstamp,FTTUSD,483.82918219999993,2823.810053036175,14,343.0191726399999,2005.550941944177,9
2022-11-08T19:20:00.000000,bitstamp,FTTUSD,192.80250968000001,1083.482172504276,3,8.60475093,50.0500500694008,1
2022-11-08T19:21:00.000000,bitstamp,FTTUSD,1101.5197313899998,5986.475861037506,19,517.27238271,2831.7702267758837,7
2022-11-08T19:25:00.000000,bitstamp,FTTUSD,52.86241927,248.4601790844767,3,38.09523454,189.2430299579402,1
2022-11-08T19:31:00.000000,bitstamp,FTTUSD,57.82150818,263.48302993071013,2,2.26595263,13.4830299557101,1
2022-11-08T19:32:00.000000,bitstamp,FTTUSD,8.36927751,49.8007999738293,1,8.36927751,49.8007999738293,1
2022-11-08T19:41:00.000000,bitstamp,FTTUSD,18.45684412,104.7910068991243,5,18.45684412,104.7910068991243,5
2022-11-08T19:44:00.000000,bitstamp,FTTUSD,111.67865641,1023.0039899345654,4,111.67865641,1023.0039899345654,4
2022-11-08T19:49:00.000000,bitstamp,FTTUSD,590.31301141,5489.907804964956,3,302.77951571,2815.8462949549557,2
2022-11-08T19:55:00.000000,bitstamp,FTTUSD,780.3277806599999,3645.6403542345547,34,468.34869090000007,2059.575123481224,18
2022-11-08T19:56:00.000000,bitstamp,FTTUSD,20.64664532,92.04351800635041,2,20.64664532,92.04351800635041,2
2022-11-08T19:57:00.000000,bitstamp,FTTUSD,161.13076155000002,805.6834284759349,13,87.12717927,434.4570385773024,4
2022-11-08T19:58:00.000000,bitstamp,FTTUSD,69.12245934,344.28829979610543,14,26.08306206,129.2626997875686,9
2022-11-08T19:59:00.000000,bitstamp,FTTUSD,687.5967534399999,3196.5545981391256,18,212.51097312,1001.2586237214681,11
2022-11-08T20:00:00.000000,bitstamp,FTTUSD,105.75703402,490.1194648101687,4,4.339402789999999,20.762724182977898,2
2022-11-08T20:01:00.000000,bitstamp,FTTUSD,1.7777851,8.564124162230002,1,1.7777851,8.564124162230002,1
2022-11-08T20:04:00.000000,bitstamp,FTTUSD,11.77222712,65.01627343353759,2,11.77222712,65.01627343353759,2
2022-11-08T20:05:00.000000,bitstamp,FTTUSD,1.80074658,9.9601599653763,2,1.80074658,9.9601599653763,2
2022-11-08T20:06:00.000000,bitstamp,FTTUSD,49.555343470000004,273.9039099966665,4,4.2889447800000005,23.904379991600003,3
2022-11-08T20:07:00.000000,bitstamp,FTTUSD,8.82273477,70.6645502542445,4,8.82273477,70.6645502542445,4
2022-11-08T20:08:00.000000,bitstamp,FTTUSD,5.53342837,49.800799995716304,1,5.53342837,49.800799995716304,1
2022-11-08T20:11:00.000000,bitstamp,FTTUSD,136.22680689,681.1342538087722,6,17.38892967,86.94464835,3
2022-11-08T20:12:00.000000,bitstamp,FTTUSD,19.47009,97.35045,2,19.47009,97.35045,2
2022-11-08T20:13:00.000000,bitstamp,FTTUSD,2.96876113,23.749999977166098,1,2.96876113,23.749999977166098,1
2022-11-08T20:14:00.000000,bitstamp,FTTUSD,25.21578518,199.2031899748892,1,25.21578518,199.2031899748892,1
2022-11-08T20:16:00.000000,bitstamp,FTTUSD,25.13807691,199.20318993587318,3,25.13807691,199.20318993587318,3
2022-11-08T20:21:00.000000,bitstamp,FTTUSD,18.35445361,144.9999999744639,1,18.35445361,144.9999999744639,1
2022-11-08T20:22:00.000000,bitstamp,FTTUSD,15.78895454,124.57469343105461,2,15.78895454,124.57469343105461,2
2022-11-08T20:29:00.000000,bitstamp,FTTUSD,880.1216735800001,4400.608554227907,6,823.3278653100001,4116.63934647028,3
2022-11-08T20:30:00.000000,bitstamp,FTTUSD,2.58963682,12.9482099963167,2,2.58963682,12.9482099963167,2
2022-11-08T20:31:00.000000,bitstamp,FTTUSD,1.4000868700000002,10.319602920464499,2,1.4000868700000002,10.319602920464499,2
2022-11-08T20:32:00.000000,bitstamp,FTTUSD,35.9044903,268.9242998979848,2,35.9044903,268.9242998979848,2
2022-11-08T20:33:00.000000,bitstamp,FTTUSD,24.866984390000002,185.258959938955,2,24.866984390000002,185.258959938955,2
2022-11-08T20:42:00.000000,bitstamp,FTTUSD,489.16883021,2837.1792152179996,4,200.0,1160.0,2
2022-11-08T20:44:00.000000,bitstamp,FTTUSD,52.09982268,275.5500740769115,4,50.09982268,265.52906020399996,2
2022-11-08T20:46:00.000000,bitstamp,FTTUSD,174.0,887.4000000000001,2,174.0,887.4000000000001,2
2022-11-08T20:48:00.000000,bitstamp,FTTUSD,4.21302887,22.054269615937997,2,4.21302887,22.054269615937997,2
2022-11-08T20:53:00.000000,bitstamp,FTTUSD,50.0,275.0,1,50.0,275.0,1
2022-11-08T20:56:00.000000,bitstamp,FTTUSD,1.78571428,9.999999968,1,1.78571428,9.999999968,1
2022-11-08T21:04:00.000000,bitstamp,FTTUSD,6.8978744,40.1513241737618,2,6.8978744,40.1513241737618,2
2022-11-08T21:05:00.000000,bitstamp,FTTUSD,274.53876811,1894.317049959,3,274.53876811,1894.317049959,3
2022-11-08T21:06:00.000000,bitstamp,FTTUSD,10.14494223,69.9999999375777,1,10.14494223,69.9999999375777,1
2022-11-08T21:12:00.000000,bitstamp,FTTUSD,1.84726927,10.89334688519,1,1.84726927,10.89334688519,1
2022-11-08T21:17:00.000000,bitstamp,FTTUSD,269.40151648,1434.3042008936695,7,4.0,20.94628,1
2022-11-08T21:18:00.000000,bitstamp,FTTUSD,38.11709622,194.2935122202816,1,38.11709622,194.2935122202816,1
2022-11-08T21:23:00.000000,bitstamp,FTTUSD,624.04970802,3233.7881439771586,5,624.04970802,3233.7881439771586,5
2022-11-08T21:24:00.000000,bitstamp,FTTUSD,314.54529656,1629.9548540561264,1,314.54529656,1629.9548540561264,1
2022-11-08T21:25:00.000000,bitstamp,FTTUSD,75.95759446,393.6076970360524,2,75.95759446,393.6076970360524,2
2022-11-08T21:33:00.000000,bitstamp,FTTUSD,2.75369402,15.549999983179202,1,2.75369402,15.549999983179202,1
2022-11-08T21:37:00.000000,bitstamp,FTTUSD,224.7854743,1214.3338414087168,5,15.12066059,81.6846814326921,1
2022-11-08T21:38:00.000000,bitstamp,FTTUSD,59.17329814,320.7495468594638,2,12.89576996,70.7495469007496,1
2022-11-08T21:43:00.000000,bitstamp,FTTUSD,14.0,80.65736,1,14.0,80.65736,1
2022-11-08T21:45:00.000000,bitstamp,FTTUSD,1018.19719458,5598.628320990074,7,827.56802823,4503.444499038793,5
2022-11-08T21:46:00.000000,bitstamp,FTTUSD,745.26764664,4198.454806721715,10,198.02267157999998,1118.1152217375588,4
2022-11-08T21:50:00.000000,bitstamp,FTTUSD,46.30314694,261.5999999936036,2,2.0,11.6,1
2022-11-08T21:51:00.000000,bitstamp,FTTUSD,75.50567826,487.76517144603474,1,75.50567826,487.76517144603474,1
2022-11-08T21:53:00.000000,bitstamp,FTTUSD,1.88,12.032,1,1.88,12.032,1
2022-11-08T21:54:00.000000,bitstamp,FTTUSD,413.4680664,2672.9964395826723,7,50.0,325.0,1
2022-11-08T22:03:00.000000,bitstamp,FTTUSD,6.30414941,43.9999999315773,1,6.30414941,43.9999999315773,1
2022-11-08T22:08:00.000000,bitstamp,FTTUSD,297.088579,1954.5751535419486,3,297.088579,1954.5751535419486,3
2022-11-08T22:16:00.000000,bitstamp,FTTUSD,30.03874203,161.0220060549222,3,15.06123041,82.37793826551,2
2022-11-08T22:27:00.000000,bitstamp,FTTUSD,46.53517049,283.864539989,1,46.53517049,283.864539989,1
2022-11-08T22:29:00.000000,bitstamp,FTTUSD,18.78717729,114.6015935972271,1,18.78717729,114.6015935972271,1
2022-11-08T22:31:00.000000,bitstamp,FTTUSD,81.82005656000001,499.10161998961644,2,81.82005656000001,499.10161998961644,2
2022-11-08T22:47:00.000000,bitstamp,FTTUSD,126.25197746000002,669.1370500279465,14,18.88020488,100.06555786568168,2
2022-11-08T23:05:00.000000,bitstamp,FTTUSD,23.81573078,129.497978540503,2,23.81573078,129.497978540503,2
2022-11-08T23:08:00.000000,bitstamp,FTTUSD,37.77349317,202.90527198199888,3,22.77438617,124.26120420424891,2
2022-11-08T23:10:00.000000,bitstamp,FTTUSD,38.31396699,208.3539644635492,3,23.38861499,129.7098967192292,2
2022-11-08T23:13:00.000000,bitstamp,FTTUSD,14.34979797,77.13819997561319,1,14.34979797,77.13819997561319,1
2022-11-08T23:14:00.000000,bitstamp,FTTUSD,29.01101129,157.5306471179568,2,14.34979797,78.88657936027799,1
2022-11-08T23:24:00.000000,bitstamp,FTTUSD,67.03812164,355.21730371375753,4,20.37534976,111.5662404591812,2
2022-11-08T23:26:00.000000,bitstamp,FTTUSD,60.38189816,320.11375063026753,3,14.79523427,80.69350361326539,1
2022-11-08T23:30:00.000000,bitstamp,FTTUSD,5.72769232,32.476301839016,1,5.72769232,32.476301839016,1
2022-11-08T23:44:00.000000,bitstamp,FTTUSD,32.149839310000004,189.9999999636109,2,32.149839310000004,189.9999999636109,2
2022-11-08T23:54:00.000000,bitstamp,FTTUSD,16.89895944,91.453599970705,3,16.89895944,91.453599970705,3
2022-11-08T23:56:00.000000,bitstamp,FTTUSD,90.53702177,498.5044899635133,2,90.53702177,498.5044899635133,2
2022-11-09T00:00:00.000000,bitstamp,FTTUSD,73.76216519,404.03594793648455,1,73.76216519,404.03594793648455,1
2022-11-09T00:14:00.000000,bitstamp,FTTUSD,50.0,289.0855,1,50.0,289.0855,1
2022-11-09T00:18:00.000000,bitstamp,FTTUSD,2.0,12.0,1,2.0,12.0,1
2022-11-09T00:28:00.000000,bitstamp,FTTUSD,4.66723842,28.625460056617598,2,4.66723842,28.625460056617598,2
2022-11-09T00:29:00.000000,bitstamp,FTTUSD,6.17288389,38.651578816914,2,6.17288389,38.651578816914,2
2022-11-09T01:08:00.000000,bitstamp,FTTUSD,473.38047896,2832.9654759700784,11,271.55010815,1621.9827511100787,5
2022-11-09T04:38:00.000000,bitstamp,FTTUSD,113.59168650000001,556.5987009832396,6,72.77535997,356.5987009862396,5
2022-11-09T05:38:00.000000,bitstamp,FTTUSD,204.96219101,1014.3709840380815,4,154.96219101,773.5054840380815,3
2022-11-09T05:54:00.000000,bitstamp,FTTUSD,1580.89747412,7114.03913354,4,1327.76094151,5974.924236795,1
2022-11-09T06:05:00.000000,bitstamp,FTTUSD,1.66666944,9.9999999733056,1,1.66666944,9.9999999733056,1
2022-11-09T06:20:00.000000,bitstamp,FTTUSD,2.07641761,10.3820465216478,1,2.07641761,10.3820465216478,1
2022-11-09T06:36:00.000000,bitstamp,FTTUSD,125.77978102,751.9920299974129,2,125.77978102,751.9920299974129,2
2022-11-09T06:45:00.000000,bitstamp,FTTUSD,86.57682523,508.2315129778983,4,86.57682523,508.2315129778983,4
2022-11-09T07:02:00.000000,bitstamp,FTTUSD,15.84926799,78.6164900400774,1,15.84926799,78.6164900400774,1
2022-11-09T07:06:00.000000,bitstamp,FTTUSD,15.84926799,79.26314017406939,1,15.84926799,79.26314017406939,1
2022-11-09T07:07:00.000000,bitstamp,FTTUSD,33.2310527,158.25419079650598,2,15.71843938,79.61012303424879,1
2022-11-09T07:11:00.000000,bitstamp,FTTUSD,49.106804319999995,236.27093565620578,3,31.43687876,157.62686786854698,2
2022-11-09T07:14:00.000000,bitstamp,FTTUSD,28.513856599999997,142.4999999882026,2,28.513856599999997,142.4999999882026,2
2022-11-09T07:24:00.000000,bitstamp,FTTUSD,114.09936008000001,566.2276178593462,7,114.09936008000001,566.2276178593462,7
2022-11-09T07:25:00.000000,bitstamp,FTTUSD,70.3250015,344.5770892821862,4,53.033522399999995,265.9328486135212,3
2022-11-09T07:26:00.000000,bitstamp,FTTUSD,47.24549754,238.83213197938022,3,47.24549754,238.83213197938022,3
2022-11-09T07:27:00.000000,bitstamp,FTTUSD,79.45840720999999,400.0269977417267,5,62.99399672,321.3829299510878,4
2022-11-09T07:28:00.000000,bitstamp,FTTUSD,15.74849918,80.34648054148299,1,15.74849918,80.34648054148299,1
2022-11-09T07:30:00.000000,bitstamp,FTTUSD,33.03997828,169.89758135285302,2,33.03997828,169.89758135285302,2
2022-11-09T07:32:00.000000,bitstamp,FTTUSD,15.74849918,79.362986767692,1,15.74849918,79.362986767692,1
2022-11-09T08:28:00.000000,bitstamp,FTTUSD,36.10713165,169.0060155728259,4,17.41485085,80.9117261589299,2
2022-11-09T10:25:00.000000,bitstamp,FTTUSD,65.53728789,279.7208292183195,8,28.572783169999997,121.5561325094475,4
2022-11-09T10:26:00.000000,bitstamp,FTTUSD,93.02690887,392.9623688273656,2,78.40050338,331.0727816931992,1
2022-11-09T10:35:00.000000,bitstamp,FTTUSD,26.59666972,130.28883999066682,1,26.59666972,130.28883999066682,1
2022-11-09T10:43:00.000000,bitstamp,FTTUSD,67.24603132,329.47999997609844,2,67.24603132,329.47999997609844,2
2022-11-09T11:27:00.000000,bitstamp,FTTUSD,8.981035760000001,44.0065066476839,3,2.1,10.290000000000001,1
2022-11-09T12:13:00.000000,bitstamp,FTTUSD,4.0419090099999995,21.20707447404,2,4.0419090099999995,21.20707447404,2
2022-11-09T12:14:00.000000,bitstamp,FTTUSD,36.16104083,189.8454643575,2,36.16104083,189.8454643575,2
2022-11-09T12:15:00.000000,bitstamp,FTTUSD,3.2308029,16.961715225,1,3.2308029,16.961715225,1
2022-11-09T12:51:00.000000,bitstamp,FTTUSD,25.14739714,127.9999999686286,1,25.14739714,127.9999999686286,1
2022-11-09T13:23:00.000000,bitstamp,FTTUSD,4.71196439,23.7499999740803,2,4.71196439,23.7499999740803,2
2022-11-09T14:01:00.000000,bitstamp,FTTUSD,5.67069649,25.5465443944149,3,5.67069649,25.5465443944149,3
2022-11-09T14:05:00.000000,bitstamp,FTTUSD,51.799744219999994,234.04782030411042,6,51.799744219999994,234.04782030411042,6
2022-11-09T14:44:00.000000,bitstamp,FTTUSD,3.14113046,15.328685233495401,1,3.14113046,15.328685233495401,1
2022-11-09T14:48:00.000000,bitstamp,FTTUSD,401.21552941,1996.007979972444,8,401.21552941,1996.007979972444,8
2022-11-09T14:50:00.000000,bitstamp,FTTUSD,145.13871912000002,758.4063699978656,3,145.13871912000002,758.4063699978656,3
2022-11-09T14:59:00.000000,bitstamp,FTTUSD,60.0,299.9999754097365,2,60.0,299.9999754097365,2
2022-11-09T15:42:00.000000,bitstamp,FTTUSD,17.63028112,87.7987999776,1,17.63028112,87.7987999776,1
2022-11-09T15:58:00.000000,bitstamp,FTTUSD,47.8913969,215.51080713603102,2,47.8913969,215.51080713603102,2
2022-11-09T16:21:00.000000,bitstamp,FTTUSD,246.20707148,1009.904527192968,4,148.55939188,609.368341582978,2
2022-11-09T16:22:00.000000,bitstamp,FTTUSD,4.99366293,20.4832562894205,1,4.99366293,20.4832562894205,1
2022-11-09T18:48:00.000000,bitstamp,FTTUSD,206.36,725.86,2,4.0,17.6,1
2022-11-09T19:16:00.000000,bitstamp,FTTUSD,5.0,20.0,2,5.0,20.0,2
2022-11-09T19:17:00.000000,bitstamp,FTTUSD,61.94978573,269.7399999883025,3,61.94978573,269.7399999883025,3
2022-11-09T19:36:00.000000,bitstamp,FTTUSD,5.14285714,17.99999999,1,5.14285714,17.99999999,1
2022-11-09T19:38:00.000000,bitstamp,FTTUSD,115.45950835,404.108279225,1,115.45950835,404.108279225,1
2022-11-09T20:42:00.000000,bitstamp,FTTUSD,155.32805562,483.6834709039583,5,50.9728223,158.995620645697,2
2022-11-09T20:46:00.000000,bitstamp,FTTUSD,139.48170349,444.6690655431549,2,139.48170349,444.6690655431549,2
2022-11-09T20:48:00.000000,bitstamp,FTTUSD,204.29534597,627.5565371613665,5,71.37515144,217.83125218276479,1
2022-11-09T21:10:00.000000,bitstamp,FTTUSD,729.62232304,2035.7508464225175,25,445.76674264,1235.2336252187386,17
2022-11-09T21:11:00.000000,bitstamp,FTTUSD,570.39753436,1550.6455678824375,15,377.68974327000006,1016.607315095864,10
2022-11-09T21:12:00.000000,bitstamp,FTTUSD,739.05968457,1916.2219058196217,16,704.92914557,1826.7742957353717,15
2022-11-09T21:13:00.000000,bitstamp,FTTUSD,484.86881668,1250.8548758947304,3,301.87405637,778.7686531421987,2
2022-11-09T21:32:00.000000,bitstamp,FTTUSD,323.32888998,743.6559469539999,2,323.32888998,743.6559469539999,2
2022-11-09T22:25:00.000000,bitstamp,FTTUSD,197.00106107000002,444.7169870718248,7,150.41115682,345.945660686,5
2022-11-09T22:32:00.000000,bitstamp,FTTUSD,185.13896409,425.81902761453455,2,185.13896409,425.81902761453455,2
2022-11-09T22:37:00.000000,bitstamp,FTTUSD,1226.19484735,2582.2612239749374,11,1081.51917633,2276.6497832689997,10
2022-11-09T23:03:00.000000,bitstamp,FTTUSD,278.41403636,584.053254618064,5,54.49880907,113.83057252832761,2
2022-11-09T23:06:00.000000,bitstamp,FTTUSD,52.98576988,112.03999998435638,1,52.98576988,112.03999998435638,1
2022-11-09T23:17:00.000000,bitstamp,FTTUSD,1168.22397884,2336.706334249818,7,863.5264675599999,1727.0615703846756,3
2022-11-10T00:28:00.000000,bitstamp,FTTUSD,8261.34846397,16524.11955840625,11,6643.812934850001,13287.692307829351,8
2022-11-10T01:12:00.000000,bitstamp,FTTUSD,6.0522918,20.999999995968,1,6.0522918,20.999999995968,1
2022-11-10T01:13:00.000000,bitstamp,FTTUSD,62.531821230000006,173.8384630194,2,62.531821230000006,173.8384630194,2
2022-11-10T04:42:00.000000,bitstamp,FTTUSD,5.38546463,13.999999997501702,1,5.38546463,13.999999997501702,1
2022-11-10T06:38:00.000000,bitstamp,FTTUSD,156.09542776,405.8466712217224,6,156.09542776,405.8466712217224,6
2022-11-10T06:48:00.000000,bitstamp,FTTUSD,132.6639708,305.125806200292,2,132.6639708,305.125806200292,2
2022-11-10T07:32:00.000000,bitstamp,FTTUSD,37.38327928,85.98116851120722,1,37.38327928,85.98116851120722,1
2022-11-10T07:49:00.000000,bitstamp,FTTUSD,115.73904473,403.3864499879163,1,115.73904473,403.3864499879163,1
2022-11-10T07:50:00.000000,bitstamp,FTTUSD,29.73976628,103.62999998863681,1,29.73976628,103.62999998863681,1
2022-11-10T09:27:00.000000,bitstamp,FTTUSD,3.98406451,12.350599981,1,3.98406451,12.350599981,1
2022-11-10T09:58:00.000000,bitstamp,FTTUSD,20.791298429999998,66.49999997729249,3,20.791298429999998,66.49999997729249,3
2022-11-10T10:47:00.000000,bitstamp,FTTUSD,288.34069726999996,754.0917292616098,9,288.34069726999996,754.0917292616098,9
2022-11-10T11:06:00.000000,bitstamp,FTTUSD,169.50006822,454.2117047187476,11,152.92807021,409.77389205493256,10
2022-11-10T11:18:00.000000,bitstamp,FTTUSD,28.28510638,73.19959250292959,2,28.28510638,73.19959250292959,2
2022-11-10T11:23:00.000000,bitstamp,FTTUSD,47.23969346,123.76469008665781,2,47.23969346,123.76469008665781,2
2022-11-10T11:25:00.000000,bitstamp,FTTUSD,35.32888969,93.9126677295456,1,35.32888969,93.9126677295456,1
2022-11-10T11:28:00.000000,bitstamp,FTTUSD,39.17986438,105.574062558348,4,39.17986438,105.574062558348,4
2022-11-10T11:31:00.000000,bitstamp,FTTUSD,14.95837381,40.884376881230104,1,14.95837381,40.884376881230104,1
2022-11-10T11:42:00.000000,bitstamp,FTTUSD,324.96967437,958.6540399980126,1,324.96967437,958.6540399980126,1
2022-11-10T11:51:00.000000,bitstamp,FTTUSD,10.3755178,30.607569999644003,1,10.3755178,30.607569999644003,1
2022-11-10T12:01:00.000000,bitstamp,FTTUSD,13.94433096,37.6621040465544,1,13.94433096,37.6621040465544,1
2022-11-10T13:35:00.000000,bitstamp,FTTUSD,307.5570526,998.0039899809215,3,307.5570526,998.0039899809215,3
2022-11-10T14:14:00.000000,bitstamp,FTTUSD,50.0,147.0305,1,50.0,147.0305,1
2022-11-10T14:16:00.000000,bitstamp,FTTUSD,305.22586180999997,1002.6629058527983,7,305.22586180999997,1002.6629058527983,7
2022-11-10T14:26:00.000000,bitstamp,FTTUSD,107.59017888000001,355.03683128611203,2,107.59017888000001,355.03683128611203,2
2022-11-10T14:45:00.000000,bitstamp,FTTUSD,722.09612598,2884.845459996081,3,722.09612598,2884.845459996081,3
2022-11-10T15:20:00.000000,bitstamp,FTTUSD,55.0,215.74519999999998,1,55.0,215.74519999999998,1
2022-11-10T16:06:00.000000,bitstamp,FTTUSD,266.33179739999997,1051.734648153174,8,266.33179739999997,1051.734648153174,8
2022-11-10T16:21:00.000000,bitstamp,FTTUSD,12.60463833,49.8007999954467,1,12.60463833,49.8007999954467,1
2022-11-10T16:24:00.000000,bitstamp,FTTUSD,47.94001200000002,189.41050801188007,17,47.94001200000002,189.41050801188007,17
2022-11-10T16:25:00.000000,bitstamp,FTTUSD,69.59295694000002,275.06228154437554,22,69.59295694000002,275.0622815443755,22
2022-11-10T16:40:00.000000,bitstamp,FTTUSD,29.618427840000003,115.5494299730522,4,29.618427840000003,115.5494299730522,4
2022-11-10T16:42:00.000000,bitstamp,FTTUSD,10.3755178,42.094972375561795,2,6.38098546,25.7668021466076,1
2022-11-10T16:48:00.000000,bitstamp,FTTUSD,40.70448317,178.9999999642335,1,40.70448317,178.9999999642335,1
2022-11-10T17:08:00.000000,bitstamp,FTTUSD,122.11188875,525.8138299745001,2,115.11188875,499.99999997450004,1
2022-11-10T18:12:00.000000,bitstamp,FTTUSD,114.74414998,498.0079699771968,1,114.74414998,498.0079699771968,1
2022-11-10T18:30:00.000000,bitstamp,FTTUSD,122.87228028,531.1155399631027,2,122.87228028,531.1155399631027,2
2022-11-10T18:36:00.000000,bitstamp,FTTUSD,3.47453858,14.9999999944896,1,3.47453858,14.9999999944896,1
2022-11-10T20:56:00.000000,bitstamp,FTTUSD,44.0118654,171.74655387899998,3,33.967,132.47113016499998,2
2022-11-10T21:27:00.000000,bitstamp,FTTUSD,33.84605565,142.4999999720789,3,33.84605565,142.4999999720789,3
2022-11-10T21:54:00.000000,bitstamp,FTTUSD,69.68031148,294.9302799764776,1,69.68031148,294.9302799764776,1
2022-11-10T22:08:00.000000,bitstamp,FTTUSD,123.41864899,439.936872007694,10,7.6069943,27.27031386607,1
2022-11-11T01:06:00.000000,bitstamp,FTTUSD,148.22762596,511.24301104107843,3,148.22762596,511.24301104107843,3
2022-11-11T02:31:00.000000,bitstamp,FTTUSD,159.65648228,451.7341477038239,3,19.24293271,54.356281743245404,1
2022-11-11T03:05:00.000000,bitstamp,FTTUSD,39.06576559,107.51992531804518,1,39.06576559,107.51992531804518,1
2022-11-11T10:07:00.000000,bitstamp,FTTUSD,57.71307081,198.5628490901717,4,53.71307081,186.2068890901717,3
2022-11-11T10:30:00.000000,bitstamp,FTTUSD,150.75026262,511.9070553787896,4,150.75026262,511.9070553787896,4
2022-11-11T10:42:00.000000,bitstamp,FTTUSD,149.73607943000002,516.5213784606908,4,149.73607943000002,516.5213784606908,4
2022-11-11T11:11:00.000000,bitstamp,FTTUSD,4.0,13.96,1,4.0,13.96,1
2022-11-11T11:18:00.000000,bitstamp,FTTUSD,4.0,14.3996,1,4.0,14.3996,1
2022-11-11T12:45:00.000000,bitstamp,FTTUSD,463.12611236000004,1545.7594450248228,6,35.86088467,124.9909618642048,2
2022-11-11T12:46:00.000000,bitstamp,FTTUSD,8.80032854,32.9999999790044,1,8.80032854,32.9999999790044,1
2022-11-11T12:55:00.000000,bitstamp,FTTUSD,50.554160249999995,174.85030142893459,2,50.554160249999995,174.85030142893459,2
2022-11-11T12:56:00.000000,bitstamp,FTTUSD,36.04825456,125.624562316144,1,36.04825456,125.624562316144,1
2022-11-11T12:59:00.000000,bitstamp,FTTUSD,36.04825456,124.75724131143039,1,36.04825456,124.75724131143039,1
2022-11-11T13:00:00.000000,bitstamp,FTTUSD,45.708002519999994,159.4086699394448,2,45.708002519999994,159.4086699394448,2
2022-11-11T13:01:00.000000,bitstamp,FTTUSD,36.04825456,126.24423181203039,1,36.04825456,126.24423181203039,1
2022-11-11T13:05:00.000000,bitstamp,FTTUSD,35.85549145,125.796123313009,1,35.85549145,125.796123313009,1
2022-11-11T16:51:00.000000,bitstamp,FTTUSD,4.10167361,11.4992880660516,1,4.10167361,11.4992880660516,1
2022-11-11T16:55:00.000000,bitstamp,FTTUSD,25.51181959,70.6636583731656,3,25.51181959,70.6636583731656,3
2022-11-11T16:56:00.000000,bitstamp,FTTUSD,26.11480117,72.5897459241788,3,26.11480117,72.5897459241788,3
2022-11-11T17:22:00.000000,bitstamp,FTTUSD,18.3287137,49.447936968408,1,18.3287137,49.447936968408,1
2022-11-11T17:43:00.000000,bitstamp,FTTUSD,241.86808016000003,648.1637385234455,4,195.55875884000002,521.6388000925812,3
2022-11-11T17:54:00.000000,bitstamp,FTTUSD,49.57890989,131.3864990191294,2,4.57890989,12.4658990191294,1
2022-11-11T18:04:00.000000,bitstamp,FTTUSD,47.28590036,132.58999997354312,2,47.28590036,132.58999997354312,2
2022-11-11T18:22:00.000000,bitstamp,FTTUSD,6.77779425,18.27699997455,1,6.77779425,18.27699997455,1
2022-11-11T18:23:00.000000,bitstamp,FTTUSD,45.531624300000004,125.39864648463,2,45.531624300000004,125.39864648463,2
2022-11-11T18:28:00.000000,bitstamp,FTTUSD,45.5316243,125.367684980106,1,45.5316243,125.367684980106,1
2022-11-11T18:37:00.000000,bitstamp,FTTUSD,74.79635146,200.0925610011136,5,74.79635146,200.0925610011136,5
2022-11-11T18:53:00.000000,bitstamp,FTTUSD,400.0,1233.4065352424475,3,400.0,1233.4065352424475,3
2022-11-11T19:44:00.000000,bitstamp,FTTUSD,19.29441599,50.9372582136,1,19.29441599,50.9372582136,1
2022-11-11T20:08:00.000000,bitstamp,FTTUSD,57.236501919999995,149.8650108496046,3,57.236501919999995,149.8650108496046,3
2022-11-11T20:33:00.000000,bitstamp,FTTUSD,13.50469687,34.6078114339055,1,13.50469687,34.6078114339055,1
2022-11-11T20:39:00.000000,bitstamp,FTTUSD,39.90771637,99.8676629818363,2,39.90771637,99.8676629818363,2
2022-11-11T21:05:00.000000,bitstamp,FTTUSD,90.15902044,225.61862857185093,2,90.15902044,225.61862857185093,2
2022-11-11T21:34:00.000000,bitstamp,FTTUSD,82.27817886,222.65121467299224,2,82.27817886,222.65121467299224,2
2022-11-11T21:45:00.000000,bitstamp,FTTUSD,20.7508672,55.766710547967996,1,20.7508672,55.766710547967996,1
2022-11-11T22:00:00.000000,bitstamp,FTTUSD,45.56657014,122.37175810517842,1,45.56657014,122.37175810517842,1
2022-11-11T22:03:00.000000,bitstamp,FTTUSD,49.70540723,134.2519886118726,4,49.70540723,134.2519886118726,4
2022-11-11T22:10:00.000000,bitstamp,FTTUSD,46.22950134,122.94088668354239,2,46.22950134,122.94088668354239,2
2022-11-11T22:24:00.000000,bitstamp,FTTUSD,46.19525472,123.112663591536,1,46.19525472,123.112663591536,1
2022-11-11T22:25:00.000000,bitstamp,FTTUSD,46.0579237,124.142224644795,2,46.0579237,124.142224644795,2
2022-11-11T22:59:00.000000,bitstamp,FTTUSD,25.54042777,66.3752299015091,1,25.54042777,66.3752299015091,1
2022-11-11T23:00:00.000000,bitstamp,FTTUSD,43.276169679999995,114.8043212121944,2,43.276169679999995,114.8043212121944,2
2022-11-11T23:17:00.000000,bitstamp,FTTUSD,251.15504195999998,611.0608290999786,9,96.57687454999999,233.61804304493728,8
2022-11-11T23:36:00.000000,bitstamp,FTTUSD,298.98254990000004,771.7297707899152,6,298.98254990000004,771.7297707899152,6
2022-11-11T23:37:00.000000,bitstamp,FTTUSD,15.97932948,41.740565294476795,2,15.97932948,41.740565294476795,2
2022-11-12T01:05:00.000000,bitstamp,FTTUSD,66.9524184,149.56894174991004,3,56.1344622,125.20398852474601,1
2022-11-12T01:06:00.000000,bitstamp,FTTUSD,261.99732703,591.8378995644184,6,261.99732703,591.8378995644184,6
2022-11-12T01:17:00.000000,bitstamp,FTTUSD,54.53581211,128.3233112529511,1,54.53581211,128.3233112529511,1
2022-11-12T01:19:00.000000,bitstamp,FTTUSD,60.99495116,144.8535796613492,2,60.99495116,144.8535796613492,2
2022-11-12T01:56:00.000000,bitstamp,FTTUSD,51.08355637,123.62884727772808,1,51.08355637,123.62884727772808,1
2022-11-12T01:58:00.000000,bitstamp,FTTUSD,51.08355637,124.40123065004249,1,51.08355637,124.40123065004249,1
2022-11-12T02:09:00.000000,bitstamp,FTTUSD,51.92794783,128.03666384651783,1,51.92794783,128.03666384651783,1
2022-11-12T02:12:00.000000,bitstamp,FTTUSD,14.67384614,36.5641430731906,1,14.67384614,36.5641430731906,1
2022-11-12T03:50:00.000000,bitstamp,FTTUSD,88.37717554999999,199.933591890909,5,88.37717554999999,199.933591890909,5
2022-11-12T06:07:00.000000,bitstamp,FTTUSD,17.6127441,35.94831521786401,1,17.6127441,35.94831521786401,1
2022-11-12T07:05:00.000000,bitstamp,FTTUSD,285.93520595,853.3136399906838,4,285.93520595,853.3136399906838,4
2022-11-12T10:24:00.000000,bitstamp,FTTUSD,49.97704191,110.9135493404439,1,49.97704191,110.9135493404439,1
2022-11-12T11:16:00.000000,bitstamp,FTTUSD,31.287827729999997,62.8943765336238,6,0.00029964,0.0006167010695999999,1
2022-11-12T14:47:00.000000,bitstamp,FTTUSD,30.0594871,66.761525229049,4,30.0594871,66.761525229049,4
2022-11-12T17:48:00.000000,bitstamp,FTTUSD,59.38174936,126.38989679030479,1,59.38174936,126.38989679030479,1
2022-11-12T21:24:00.000000,bitstamp,FTTUSD,12.880024,26.04443892992,1,12.880024,26.04443892992,1
2022-11-12T22:21:00.000000,bitstamp,FTTUSD,46.256808930000005,93.6585399607514,6,24.402199799999998,50.3306846300699,5
2022-11-12T22:28:00.000000,bitstamp,FTTUSD,55.52492737,113.97712891094639,1,55.52492737,113.97712891094639,1
2022-11-12T22:29:00.000000,bitstamp,FTTUSD,5.56579613,11.4116074633003,1,5.56579613,11.4116074633003,1
2022-11-12T22:50:00.000000,bitstamp,FTTUSD,357.97195832,744.5793155439037,2,357.97195832,744.5793155439037,2
2022-11-12T22:51:00.000000,bitstamp,FTTUSD,282.10927332,586.84552406475,2,276.31469032,574.7345558656,1
2022-11-13T00:02:00.000000,bitstamp,FTTUSD,5.84113581,11.887295486930999,1,5.84113581,11.887295486930999,1
2022-11-13T07:11:00.000000,bitstamp,FTTUSD,612.48377749,1236.9721256365367,7,612.48377749,1236.9721256365367,7
2022-11-13T07:16:00.000000,bitstamp,FTTUSD,152.79762269,313.76320268082975,7,30.47997054,64.3273052559464,5
2022-11-13T08:52:00.000000,bitstamp,FTTUSD,121.43318116,234.3259666890172,2,121.43318116,234.3259666890172,2
2022-11-13T09:55:00.000000,bitstamp,FTTUSD,28.62161118,50.0013822992364,1,28.62161118,50.0013822992364,1
2022-11-13T10:21:00.000000,bitstamp,FTTUSD,20.0,39.9962,1,20.0,39.9962,1
2022-11-13T11:28:00.000000,bitstamp,FTTUSD,167.41057796,292.38070867368896,5,56.467063100000004,98.21641309960759,3
2022-11-13T11:30:00.000000,bitstamp,FTTUSD,8.72044042,15.218214985750398,1,8.72044042,15.218214985750398,1
2022-11-13T11:37:00.000000,bitstamp,FTTUSD,57.33915891,100.0637129970192,3,57.33915891,100.0637129970192,3
2022-11-13T11:53:00.000000,bitstamp,FTTUSD,670.1150987899999,1159.2991209067,2,670.1150987899999,1159.2991209067,2
2022-11-13T12:15:00.000000,bitstamp,FTTUSD,25.27003467,42.959058939,1,25.27003467,42.959058939,1
2022-11-13T12:20:00.000000,bitstamp,FTTUSD,659.99999999,1088.9999999835,1,659.99999999,1088.9999999835,1
2022-11-13T12:37:00.000000,bitstamp,FTTUSD,121.38596193000001,207.0454048340039,4,100.0,170.0,3
2022-11-13T14:07:00.000000,bitstamp,FTTUSD,10.02205602,17.3133022156704,1,10.02205602,17.3133022156704,1
2022-11-13T14:14:00.000000,bitstamp,FTTUSD,69.70988134,120.2558192008206,1,69.70988134,120.2558192008206,1
2022-11-13T14:16:00.000000,bitstamp,FTTUSD,53.77946562,92.9212362875484,1,53.77946562,92.9212362875484,1
2022-11-13T14:34:00.000000,bitstamp,FTTUSD,7.3118126,12.586261737135999,1,7.3118126,12.586261737135999,1
2022-11-13T17:06:00.000000,bitstamp,FTTUSD,20.602591959999998,35.468920392794104,2,20.602591959999998,35.468920392794104,2
2022-11-13T18:20:00.000000,bitstamp,FTTUSD,109.35114087,178.37127885235478,2,7.41767746,12.2197334940548,1
2022-11-13T18:32:00.000000,bitstamp,FTTUSD,10.69333646,16.681925677693798,1,10.69333646,16.681925677693798,1
2022-11-13T18:36:00.000000,bitstamp,FTTUSD,55.98032453,87.32986607004528,1,55.98032453,87.32986607004528,1
2022-11-13T18:37:00.000000,bitstamp,FTTUSD,277.18698249,423.0075158114704,10,192.98012806999998,298.2895857985526,9
2022-11-13T19:49:00.000000,bitstamp,FTTUSD,107.10554793,169.55343765058652,1,107.10554793,169.55343765058652,1
2022-11-13T20:01:00.000000,bitstamp,FTTUSD,40.58281512,62.3567129163336,1,40.58281512,62.3567129163336,1
2022-11-13T20:45:00.000000,bitstamp,FTTUSD,762.5247983500001,1083.8057273121008,7,84.34582133,119.88408968918222,1
2022-11-13T20:55:00.000000,bitstamp,FTTUSD,28.87925334,39.3127499866752,1,28.87925334,39.3127499866752,1
2022-11-13T20:57:00.000000,bitstamp,FTTUSD,177.55340244,235.99244155208942,2,177.55340244,235.99244155208942,2
2022-11-13T20:58:00.000000,bitstamp,FTTUSD,38.53027009,51.0522225665491,1,38.53027009,51.0522225665491,1
2022-11-13T22:02:00.000000,bitstamp,FTTUSD,86.30798048,120.12532590290701,3,57.42872714,79.954284506967,2
2022-11-13T22:04:00.000000,bitstamp,FTTUSD,12.30634348,17.2200203046944,1,12.30634348,17.2200203046944,1
2022-11-14T00:32:00.000000,bitstamp,FTTUSD,43.895882119999996,60.5372499905132,2,43.895882119999996,60.5372499905132,2
2022-11-14T00:40:00.000000,bitstamp,FTTUSD,9.66903208,13.162066609220798,1,9.66903208,13.162066609220798,1
2022-11-14T03:54:00.000000,bitstamp,FTTUSD,100.0,135.0,1,100.0,135.0,1
2022-11-14T04:06:00.000000,bitstamp,FTTUSD,353.15748521,561.4179858131891,1,353.15748521,561.4179858131891,1
2022-11-14T04:07:00.000000,bitstamp,FTTUSD,80.8359687,128.523081482077,4,7.0,11.13,1
2022-11-14T14:47:00.000000,bitstamp,FTTUSD,6.5657892,12.999999984432,1,6.5657892,12.999999984432,1
2022-11-14T20:08:00.000000,bitstamp,FTTUSD,37.85440069,69.31698370243029,4,37.85440069,69.31698370243029,4
2022-11-14T22:27:00.000000,bitstamp,FTTUSD,7.62243536,11.999999987248,1,7.62243536,11.999999987248,1
2022-11-15T06:28:00.000000,bitstamp,FTTUSD,200.0,327.2374729473897,5,200.0,327.2374729473897,5
2022-11-15T10:50:00.000000,bitstamp,FTTUSD,20.0,37.5993375525245,2,20.0,37.5993375525245,2
2022-11-15T14:16:00.000000,bitstamp,FTTUSD,37.2895491,66.73306999350899,2,37.2895491,66.73306999350899,2
2022-11-15T17:27:00.000000,bitstamp,FTTUSD,366.76515661999997,656.5063761972334,7,366.76515661999997,656.5063761972334,7
2022-11-15T18:08:00.000000,bitstamp,FTTUSD,113.70496141,212.75835048758898,4,113.70496141,212.75835048758898,4
2022-11-15T18:56:00.000000,bitstamp,FTTUSD,65.49014518,127.705783101,1,65.49014518,127.705783101,1
2022-11-15T18:57:00.000000,bitstamp,FTTUSD,196.47048146,383.117438847,4,196.47048146,383.117438847,4
2022-11-15T20:44:00.000000,bitstamp,FTTUSD,15.38469428,29.9999999990572,1,15.38469428,29.9999999990572,1
2022-11-15T23:08:00.000000,bitstamp,FTTUSD,8.06747673,15.7327852182251,3,8.06747673,15.7327852182251,3
2022-11-15T23:13:00.000000,bitstamp,FTTUSD,11.14794292,21.9377024339804,1,11.14794292,21.9377024339804,1
